collection,nft_name,url
SVMMI PONTEFICES,LEO XII,https://opensea.io/assets/0x495f947276749ce646f68ac8c248420045cb7b5e/59593089253092528413765826124767127098219086533139661812954986782540899024897
SVMMI PONTEFICES,IVLIVS II,https://opensea.io/assets/0x495f947276749ce646f68ac8c248420045cb7b5e/59593089253092528413765826124767127098219086533139661812954986741858968797185
SVMMI PONTEFICES,LEO X,https://opensea.io/assets/0x495f947276749ce646f68ac8c248420045cb7b5e/59593089253092528413765826124767127098219086533139661812954986742958480424961
SVMMI PONTEFICES,HADRIANVS VI,https://opensea.io/assets/0x495f947276749ce646f68ac8c248420045cb7b5e/59593089253092528413765826124767127098219086533139661812954986745157503680513
SVMMI PONTEFICES,CLEMENS VII,https://opensea.io/assets/0x495f947276749ce646f68ac8c248420045cb7b5e/59593089253092528413765826124767127098219086533139661812954986746257015308289
SVMMI PONTEFICES,PAVLVS III,https://opensea.io/assets/0x495f947276749ce646f68ac8c248420045cb7b5e/59593089253092528413765826124767127098219086533139661812954986747356526936065
SVMMI PONTEFICES,IVLIVS III,https://opensea.io/assets/0x495f947276749ce646f68ac8c248420045cb7b5e/59593089253092528413765826124767127098219086533139661812954986748456038563841
SVMMI PONTEFICES,MARCELLVS II,https://opensea.io/assets/0x495f947276749ce646f68ac8c248420045cb7b5e/59593089253092528413765826124767127098219086533139661812954986749555550191617
SVMMI PONTEFICES,PAVLVS IV,https://opensea.io/assets/0x495f947276749ce646f68ac8c248420045cb7b5e/59593089253092528413765826124767127098219086533139661812954986750655061819393
SVMMI PONTEFICES,PIVS IV,https://opensea.io/assets/0x495f947276749ce646f68ac8c248420045cb7b5e/59593089253092528413765826124767127098219086533139661812954986751754573447169
SVMMI PONTEFICES,PIVS V,https://opensea.io/assets/0x495f947276749ce646f68ac8c248420045cb7b5e/59593089253092528413765826124767127098219086533139661812954986752854085074945
SVMMI PONTEFICES,INNOCENTIVS XII,https://opensea.io/assets/0x495f947276749ce646f68ac8c248420045cb7b5e/59593089253092528413765826124767127098219086533139661812954986770446271119361
SVMMI PONTEFICES,CLEMENS XI,https://opensea.io/assets/0x495f947276749ce646f68ac8c248420045cb7b5e/59593089253092528413765826124767127098219086533139661812954986771545782747137
SVMMI PONTEFICES,INNOCENTIVS XIII,https://opensea.io/assets/0x495f947276749ce646f68ac8c248420045cb7b5e/59593089253092528413765826124767127098219086533139661812954986772645294374913
SVMMI PONTEFICES,BENEDICTVS XIII,https://opensea.io/assets/0x495f947276749ce646f68ac8c248420045cb7b5e/59593089253092528413765826124767127098219086533139661812954986773744806002689
SVMMI PONTEFICES,CLEMENS XII,https://opensea.io/assets/0x495f947276749ce646f68ac8c248420045cb7b5e/59593089253092528413765826124767127098219086533139661812954986774844317630465
SVMMI PONTEFICES,CLEMENS XIV,https://opensea.io/assets/0x495f947276749ce646f68ac8c248420045cb7b5e/59593089253092528413765826124767127098219086533139661812954986778142852513793
SVMMI PONTEFICES,BENEDICTVS XIV,https://opensea.io/assets/0x495f947276749ce646f68ac8c248420045cb7b5e/59593089253092528413765826124767127098219086533139661812954986775943829258241
SVMMI PONTEFICES,PIVS VI,https://opensea.io/assets/0x495f947276749ce646f68ac8c248420045cb7b5e/59593089253092528413765826124767127098219086533139661812954986779242364141569
SVMMI PONTEFICES,PIVS VII,https://opensea.io/assets/0x495f947276749ce646f68ac8c248420045cb7b5e/59593089253092528413765826124767127098219086533139661812954986780341875769345
SVMMI PONTEFICES,CLEMENS X,https://opensea.io/assets/0x495f947276749ce646f68ac8c248420045cb7b5e/59593089253092528413765826124767127098219086533139661812954986781441387397121
SVMMI PONTEFICES,BENEDICTVS XV,https://opensea.io/assets/0x495f947276749ce646f68ac8c248420045cb7b5e/59593089253092528413765826124767127098219086533139661812954986789137968791553
SVMMI PONTEFICES,BENEDICTVS XVI,https://opensea.io/assets/0x495f947276749ce646f68ac8c248420045cb7b5e/59593089253092528413765826124767127098219086533139661812954986796834550185985
SVMMI PONTEFICES,ALEXANDER VIII,https://opensea.io/assets/0x495f947276749ce646f68ac8c248420045cb7b5e/59593089253092528413765826124767127098219086533139661812954986769346759491585
SVMMI PONTEFICES,INNOCENTIVS XI,https://opensea.io/assets/0x495f947276749ce646f68ac8c248420045cb7b5e/59593089253092528413765826124767127098219086533139661812954986768247247863809
SVMMI PONTEFICES,CLEMENS IX,https://opensea.io/assets/0x495f947276749ce646f68ac8c248420045cb7b5e/59593089253092528413765826124767127098219086533139661812954986767147736236033
SVMMI PONTEFICES,ALEXANDER VII,https://opensea.io/assets/0x495f947276749ce646f68ac8c248420045cb7b5e/59593089253092528413765826124767127098219086533139661812954986766048224608257
SVMMI PONTEFICES,INNOCENTIVS X,https://opensea.io/assets/0x495f947276749ce646f68ac8c248420045cb7b5e/59593089253092528413765826124767127098219086533139661812954986764948712980481
SVMMI PONTEFICES,VRBANVS VIII,https://opensea.io/assets/0x495f947276749ce646f68ac8c248420045cb7b5e/59593089253092528413765826124767127098219086533139661812954986763849201352705
SVMMI PONTEFICES,GREGORIVS XV,https://opensea.io/assets/0x495f947276749ce646f68ac8c248420045cb7b5e/59593089253092528413765826124767127098219086533139661812954986762749689724929
SVMMI PONTEFICES,PAVLVS V,https://opensea.io/assets/0x495f947276749ce646f68ac8c248420045cb7b5e/59593089253092528413765826124767127098219086533139661812954986761650178097153
SVMMI PONTEFICES,LEO XI,https://opensea.io/assets/0x495f947276749ce646f68ac8c248420045cb7b5e/59593089253092528413765826124767127098219086533139661812954986760550666469377
SVMMI PONTEFICES,CLEMENS VIII,https://opensea.io/assets/0x495f947276749ce646f68ac8c248420045cb7b5e/59593089253092528413765826124767127098219086533139661812954986759451154841601
SVMMI PONTEFICES,INNOCENTIVS IX,https://opensea.io/assets/0x495f947276749ce646f68ac8c248420045cb7b5e/59593089253092528413765826124767127098219086533139661812954986758351643213825
SVMMI PONTEFICES,GREGORIVS XIV,https://opensea.io/assets/0x495f947276749ce646f68ac8c248420045cb7b5e/59593089253092528413765826124767127098219086533139661812954986757252131586049
SVMMI PONTEFICES,VRBANVS VII,https://opensea.io/assets/0x495f947276749ce646f68ac8c248420045cb7b5e/59593089253092528413765826124767127098219086533139661812954986756152619958273
SVMMI PONTEFICES,XYSTVS V,https://opensea.io/assets/0x495f947276749ce646f68ac8c248420045cb7b5e/59593089253092528413765826124767127098219086533139661812954986755053108330497
SVMMI PONTEFICES,GREGORIVS XIII,https://opensea.io/assets/0x495f947276749ce646f68ac8c248420045cb7b5e/59593089253092528413765826124767127098219086533139661812954986753953596702721
SVMMI PONTEFICES,IOANNES XXIII,https://opensea.io/assets/0x495f947276749ce646f68ac8c248420045cb7b5e/59593089253092528413765826124767127098219086533139661812954986792436503674881
SVMMI PONTEFICES,PIVS XI,https://opensea.io/assets/0x495f947276749ce646f68ac8c248420045cb7b5e/59593089253092528413765826124767127098219086533139661812954986790237480419329
SVMMI PONTEFICES,PIVS XII,https://opensea.io/assets/0x495f947276749ce646f68ac8c248420045cb7b5e/59593089253092528413765826124767127098219086533139661812954986791336992047105
SVMMI PONTEFICES,PAVLVS VI,https://opensea.io/assets/0x495f947276749ce646f68ac8c248420045cb7b5e/59593089253092528413765826124767127098219086533139661812954986793536015302657
SVMMI PONTEFICES,IOANNES PAVLVS II,https://opensea.io/assets/0x495f947276749ce646f68ac8c248420045cb7b5e/59593089253092528413765826124767127098219086533139661812954986795735038558209
SVMMI PONTEFICES,IOANNES PAVLVS I,https://opensea.io/assets/0x495f947276749ce646f68ac8c248420045cb7b5e/59593089253092528413765826124767127098219086533139661812954986794635526930433
SVMMI PONTEFICES,FRANCISCVS,https://opensea.io/assets/0x495f947276749ce646f68ac8c248420045cb7b5e/59593089253092528413765826124767127098219086533139661812954986797934061813761
SVMMI PONTEFICES,GREGORIVS XVI,https://opensea.io/assets/0x495f947276749ce646f68ac8c248420045cb7b5e/59593089253092528413765826124767127098219086533139661812954986784739922280449
SVMMI PONTEFICES,PIVS IX,https://opensea.io/assets/0x495f947276749ce646f68ac8c248420045cb7b5e/59593089253092528413765826124767127098219086533139661812954986785839433908225
SVMMI PONTEFICES,PIVS X,https://opensea.io/assets/0x495f947276749ce646f68ac8c248420045cb7b5e/59593089253092528413765826124767127098219086533139661812954986788038457163777
SVMMI PONTEFICES,LEO XIII,https://opensea.io/assets/0x495f947276749ce646f68ac8c248420045cb7b5e/59593089253092528413765826124767127098219086533139661812954986786938945536001
SVMMI PONTEFICES,PIVS VIII,https://opensea.io/assets/0x495f947276749ce646f68ac8c248420045cb7b5e/59593089253092528413765826124767127098219086533139661812954986783640410652673
SVMMI PONTEFICES,CLEMENS XIII,https://opensea.io/assets/0x495f947276749ce646f68ac8c248420045cb7b5e/59593089253092528413765826124767127098219086533139661812954986777043340886017
SVMMI PONTEFICES,PIVS III,https://opensea.io/assets/0x495f947276749ce646f68ac8c248420045cb7b5e/59593089253092528413765826124767127098219086533139661812954986740759457169409